product_id,box_format,tier_name,tier_group,print_run,is_numbered,is_autograph,is_ssp,odds_pack,odds_box,est_value_usd,value_basis,source_note
2025-26-topps-chrome-bkb-hobby,Hobby,Base,base,,False,False,False,,,0.5,rough_estimate_v0,
2025-26-topps-chrome-bkb-hobby,Hobby,Base Refractor,parallel,,False,False,False,3,0.15,3,rough_estimate_v0,
2025-26-topps-chrome-bkb-hobby,Hobby,Prism Refractor,parallel,,False,False,False,5,0.25,3,rough_estimate_v0,
2025-26-topps-chrome-bkb-hobby,Hobby,Wave Refractor,parallel,,False,False,False,14,0.7,3,rough_estimate_v0,
2025-26-topps-chrome-bkb-hobby,Hobby,Negative Refractor,parallel,,False,False,False,31,1.55,8,rough_estimate_v0,
2025-26-topps-chrome-bkb-hobby,Hobby,Magenta Refractor,parallel,399,True,False,False,47,2.35,12,rough_estimate_v0,
2025-26-topps-chrome-bkb-hobby,Hobby,Teal Refractor,parallel,299,True,False,False,72,3.6,16,rough_estimate_v0,
2025-26-topps-chrome-bkb-hobby,Hobby,Yellow Refractor,parallel,275,True,False,False,79,3.95,16,rough_estimate_v0,
2025-26-topps-chrome-bkb-hobby,Hobby,Aqua Refractor,parallel,199,True,False,False,109,5.45,16,rough_estimate_v0,
2025-26-topps-chrome-bkb-hobby,Hobby,Blue Refractor,parallel,150,True,False,False,145,7.25,28,rough_estimate_v0,
2025-26-topps-chrome-bkb-hobby,Hobby,Blue Wave Refractor,parallel,150,True,False,False,113,5.65,28,rough_estimate_v0,
2025-26-topps-chrome-bkb-hobby,Hobby,Green Refractor,parallel,99,True,False,False,219,10.95,45,rough_estimate_v0,
2025-26-topps-chrome-bkb-hobby,Hobby,Green Wave Refractor,parallel,99,True,False,False,172,8.6,45,rough_estimate_v0,
2025-26-topps-chrome-bkb-hobby,Hobby,Purple Refractor,parallel,75,True,False,False,290,14.5,45,rough_estimate_v0,
2025-26-topps-chrome-bkb-hobby,Hobby,Purple Wave Refractor,parallel,75,True,False,False,227,11.35,45,rough_estimate_v0,
2025-26-topps-chrome-bkb-hobby,Hobby,Gold Refractor,parallel,50,True,False,False,435,21.75,70,rough_estimate_v0,
2025-26-topps-chrome-bkb-hobby,Hobby,Gold Wave Refractor,parallel,50,True,False,False,341,17.05,70,rough_estimate_v0,
2025-26-topps-chrome-bkb-hobby,Hobby,Orange Refractor,parallel,25,True,False,False,870,43.5,120,rough_estimate_v0,
2025-26-topps-chrome-bkb-hobby,Hobby,Orange Wave Refractor,parallel,25,True,False,False,684,34.2,120,rough_estimate_v0,
2025-26-topps-chrome-bkb-hobby,Hobby,Black Refractor,parallel,10,True,False,False,2176,108.8,300,rough_estimate_v0,
2025-26-topps-chrome-bkb-hobby,Hobby,Black Wave Refractor,parallel,10,True,False,False,1710,85.5,300,rough_estimate_v0,
2025-26-topps-chrome-bkb-hobby,Hobby,Red Refractor,parallel,5,True,False,False,4353,217.65,550,rough_estimate_v0,
2025-26-topps-chrome-bkb-hobby,Hobby,Red Wave Refractor,parallel,5,True,False,False,3420,171.0,550,rough_estimate_v0,
2025-26-topps-chrome-bkb-hobby,Hobby,FrozenFractor,parallel,5,True,False,False,4353,217.65,550,rough_estimate_v0,numbered /-5
2025-26-topps-chrome-bkb-hobby,Hobby,SuperFractor,parallel,1,True,False,False,21767,1088.35,4000,rough_estimate_v0,
2025-26-topps-chrome-bkb-hobby,Hobby,Clutch Gene,insert,,False,False,False,11,0.55,5,rough_estimate_v0,
2025-26-topps-chrome-bkb-hobby,Hobby,Destiny,insert,,False,False,False,17,0.85,12,rough_estimate_v0,
2025-26-topps-chrome-bkb-hobby,Hobby,Tall Tales,insert,,False,False,True,,,150,rough_estimate_v0,hobby-exclusive SSP; card-level odds only
2025-26-topps-chrome-bkb-hobby,Hobby,Inspirational,insert,,False,False,True,,,150,rough_estimate_v0,hobby-exclusive SSP; card-level odds only
2025-26-topps-chrome-bkb-hobby,Hobby,X's and Whoa's,insert,,False,False,True,,,150,rough_estimate_v0,SSP; card-level odds only
2025-26-topps-chrome-bkb-hobby,Hobby,Ultra Violet,insert,,False,False,True,,,150,rough_estimate_v0,hobby-exclusive SSP; card-level odds only
2025-26-topps-chrome-bkb-hobby,Hobby,Topps Chrome Autographs Rookies,auto,,False,True,False,65,3.25,150,rough_estimate_v0,
2025-26-topps-chrome-bkb-hobby,Hobby,SkyWrite Signatures,auto,,False,True,False,417,20.85,100,rough_estimate_v0,
2025-26-topps-chrome-bkb-hobby,Hobby,Topps Certified Autograph Issue Rookies,auto,,False,True,False,417,20.85,150,rough_estimate_v0,
2025-26-topps-chrome-bkb-hobby,Hobby,Next Stop Signatures,auto,,False,True,False,522,26.1,100,rough_estimate_v0,
2025-26-topps-chrome-bkb-hobby,Hobby,Signature Style,auto,,False,True,False,522,26.1,100,rough_estimate_v0,
2025-26-topps-chrome-bkb-hobby,Hobby,Topps Chrome Autographs,auto,,False,True,False,2361,118.05,250,rough_estimate_v0,
2025-26-topps-chrome-update-bkb-hobby,Hobby,Base,base,,False,False,False,,,0.5,rough_estimate_v0,
2025-26-topps-chrome-update-bkb-hobby,Hobby,Refractor,parallel,,False,False,False,4,0.2,3,rough_estimate_v0,
2025-26-topps-chrome-update-bkb-hobby,Hobby,Prism Refractor,parallel,,False,False,False,5,0.25,3,rough_estimate_v0,
2025-26-topps-chrome-update-bkb-hobby,Hobby,Wave Refractor,parallel,,False,False,False,13,0.65,3,rough_estimate_v0,
2025-26-topps-chrome-update-bkb-hobby,Hobby,Negative Refractor,parallel,,False,False,False,45,2.25,8,rough_estimate_v0,
2025-26-topps-chrome-update-bkb-hobby,Hobby,Magenta Refractor,parallel,399,True,False,False,76,3.8,12,rough_estimate_v0,
2025-26-topps-chrome-update-bkb-hobby,Hobby,Teal Refractor,parallel,299,True,False,False,101,5.05,16,rough_estimate_v0,
2025-26-topps-chrome-update-bkb-hobby,Hobby,Yellow Refractor,parallel,275,True,False,False,110,5.5,16,rough_estimate_v0,
2025-26-topps-chrome-update-bkb-hobby,Hobby,Yellow Wave Refractor,parallel,275,True,False,False,129,6.45,16,rough_estimate_v0,
2025-26-topps-chrome-update-bkb-hobby,Hobby,Aqua Refractor,parallel,199,True,False,False,152,7.6,16,rough_estimate_v0,
2025-26-topps-chrome-update-bkb-hobby,Hobby,Aqua Wave Refractor,parallel,199,True,False,False,79,3.95,16,rough_estimate_v0,
2025-26-topps-chrome-update-bkb-hobby,Hobby,Blue Refractor,parallel,150,True,False,False,202,10.1,28,rough_estimate_v0,
2025-26-topps-chrome-update-bkb-hobby,Hobby,Blue Wave Refractor,parallel,150,True,False,False,104,5.2,28,rough_estimate_v0,
2025-26-topps-chrome-update-bkb-hobby,Hobby,Green Refractor,parallel,99,True,False,False,306,15.3,45,rough_estimate_v0,
2025-26-topps-chrome-update-bkb-hobby,Hobby,Green Wave Refractor,parallel,99,True,False,False,158,7.9,45,rough_estimate_v0,
2025-26-topps-chrome-update-bkb-hobby,Hobby,Purple Refractor,parallel,75,True,False,False,403,20.15,45,rough_estimate_v0,
2025-26-topps-chrome-update-bkb-hobby,Hobby,Purple Wave Refractor,parallel,75,True,False,False,208,10.4,45,rough_estimate_v0,
2025-26-topps-chrome-update-bkb-hobby,Hobby,Gold Refractor,parallel,50,True,False,False,604,30.2,70,rough_estimate_v0,
2025-26-topps-chrome-update-bkb-hobby,Hobby,Gold Wave Refractor,parallel,50,True,False,False,312,15.6,70,rough_estimate_v0,
2025-26-topps-chrome-update-bkb-hobby,Hobby,Orange Refractor,parallel,25,True,False,False,1209,60.45,120,rough_estimate_v0,
2025-26-topps-chrome-update-bkb-hobby,Hobby,Orange Wave Refractor,parallel,25,True,False,False,623,31.15,120,rough_estimate_v0,
2025-26-topps-chrome-update-bkb-hobby,Hobby,Black Refractor,parallel,10,True,False,False,3022,151.1,300,rough_estimate_v0,
2025-26-topps-chrome-update-bkb-hobby,Hobby,Black Wave Refractor,parallel,10,True,False,False,1559,77.95,300,rough_estimate_v0,
2025-26-topps-chrome-update-bkb-hobby,Hobby,Red Refractor,parallel,5,True,False,False,6054,302.7,550,rough_estimate_v0,
2025-26-topps-chrome-update-bkb-hobby,Hobby,Red Wave Refractor,parallel,5,True,False,False,3119,155.95,550,rough_estimate_v0,
2025-26-topps-chrome-update-bkb-hobby,Hobby,FrozenFractor,parallel,5,True,False,False,6054,302.7,550,rough_estimate_v0,
2025-26-topps-chrome-update-bkb-hobby,Hobby,SuperFractor,parallel,1,True,False,False,30361,1518.05,4000,rough_estimate_v0,
2025-26-topps-chrome-update-bkb-hobby,Hobby,Activators,insert,,False,False,False,20,1.0,12,rough_estimate_v0,
2025-26-topps-chrome-update-bkb-hobby,Hobby,Image Variations Speckle,variation,,False,False,False,150,7.5,40,rough_estimate_v0,
2025-26-topps-chrome-update-bkb-hobby,Hobby,Denim Tears,insert,,False,False,True,6054,302.7,150,rough_estimate_v0,SSP parallel; hobby aggregate
2025-26-topps-chrome-update-bkb-hobby,Hobby,Alter Egos,insert,,False,False,True,4000,200.0,150,rough_estimate_v0,"base NOT on official odds sheet; ~113 copies/card, 10-card set; odds_pack estimated from 2025 Topps Chrome baseball Alter Egos (~1:4,000 hobby)"
2025-26-topps-chrome-update-bkb-hobby,Hobby,Minions NBA,variation,,False,False,True,12456,622.8,40,rough_estimate_v0,"Minions Variation; 5 subjects only; 1:12,456 packs / 1:623 boxes; also has Red /5 + SuperFractor 1/1"
2025-26-topps-chrome-update-bkb-hobby,Hobby,Minions NBA MinionFractor,variation,,False,False,True,13000,650.0,40,rough_estimate_v0,refractor parallel of Minions; ~92 copies/card x 5 subjects; odds_pack estimated (~equal to base Minions rate) -- not published
2025-26-topps-chrome-update-bkb-hobby,Hobby,Chrome Autographs,auto,,False,True,False,141,7.05,100,rough_estimate_v0,
2025-26-topps-chrome-update-bkb-hobby,Hobby,Topps Chrome Autographs Druski,auto,,False,True,False,141,7.05,100,rough_estimate_v0,
2025-26-topps-chrome-update-bkb-hobby,Hobby,Havoc Marks,auto,,False,True,False,280,14.0,100,rough_estimate_v0,
2025-26-topps-chrome-update-bkb-hobby,Hobby,Future Stars Autographs,auto,,False,True,False,622,31.1,100,rough_estimate_v0,
2025-26-topps-chrome-update-bkb-hobby,Hobby,1980-81 Topps Autographs,auto,,False,True,False,1455,72.75,100,rough_estimate_v0,
2025-26-topps-chrome-update-bkb-hobby,Hobby,Rookie Autographs Lava Lamp,auto,,False,True,False,,,150,rough_estimate_v0,"1:295-2,133 range (parallels)"
2025-26-topps-chrome-update-bkb-hobby,Hobby,NBA Debut Patch Autographs,auto,1,True,True,False,74733,3736.65,5000,rough_estimate_v0,1/1 per subject
2025-26-topps-chrome-update-bkb-hobby,Hobby,Topps Chrome Autographs Spike Lee,auto,,False,True,False,138789,6939.45,250,rough_estimate_v0,"1:138,789+"
2025-26-topps-nba-hoops-hobby,Hobby,Base,base,,False,False,False,,,0.5,rough_estimate_v0,
2025-26-topps-nba-hoops-hobby,Hobby,Rainbow,parallel,,False,False,False,3,0.15,3,rough_estimate_v0,
2025-26-topps-nba-hoops-hobby,Hobby,Pixel Burst,parallel,,False,False,False,9,0.45,3,rough_estimate_v0,
2025-26-topps-nba-hoops-hobby,Hobby,Rainbow Green & Blue,parallel,249,True,False,False,35,1.75,16,rough_estimate_v0,
2025-26-topps-nba-hoops-hobby,Hobby,Rainbow Gold & Green,parallel,199,True,False,False,44,2.2,16,rough_estimate_v0,
2025-26-topps-nba-hoops-hobby,Hobby,Rainbow Yellow,parallel,275,True,False,False,86,4.3,16,rough_estimate_v0,
2025-26-topps-nba-hoops-hobby,Hobby,Pixel Burst Blue,parallel,149,True,False,False,59,2.95,28,rough_estimate_v0,
2025-26-topps-nba-hoops-hobby,Hobby,Pixel Burst Purple,parallel,99,True,False,False,88,4.4,45,rough_estimate_v0,
2025-26-topps-nba-hoops-hobby,Hobby,Pixel Burst Green,parallel,75,True,False,False,117,5.85,45,rough_estimate_v0,
2025-26-topps-nba-hoops-hobby,Hobby,Pixel Burst Gold,parallel,50,True,False,False,175,8.75,70,rough_estimate_v0,
2025-26-topps-nba-hoops-hobby,Hobby,Pixel Burst Orange,parallel,25,True,False,False,348,17.4,120,rough_estimate_v0,
2025-26-topps-nba-hoops-hobby,Hobby,Pixel Burst Black,parallel,10,True,False,False,870,43.5,300,rough_estimate_v0,
2025-26-topps-nba-hoops-hobby,Hobby,Pixel Burst Red,parallel,5,True,False,False,1735,86.75,550,rough_estimate_v0,
2025-26-topps-nba-hoops-hobby,Hobby,Pixel Burst Platinum,parallel,1,True,False,False,8614,430.7,4000,rough_estimate_v0,
2025-26-topps-nba-hoops-hobby,Hobby,Bounce House,insert,,False,False,False,15,0.75,12,rough_estimate_v0,
2025-26-topps-nba-hoops-hobby,Hobby,Hoopers,insert,,False,False,False,19,0.95,12,rough_estimate_v0,
2025-26-topps-nba-hoops-hobby,Hobby,Dunk-umentory,insert,,False,False,False,25,1.25,12,rough_estimate_v0,
2025-26-topps-nba-hoops-hobby,Hobby,Finals Pursuit,insert,,False,False,False,27,1.35,12,rough_estimate_v0,
2025-26-topps-nba-hoops-hobby,Hobby,Hoopnotic,insert,,False,False,False,346,17.3,30,rough_estimate_v0,
2025-26-topps-nba-hoops-hobby,Hobby,Checkmate,insert,,False,False,False,403,20.15,30,rough_estimate_v0,
2025-26-topps-nba-hoops-hobby,Hobby,Joy,insert,,False,False,False,1154,57.7,120,rough_estimate_v0,
2025-26-topps-nba-hoops-hobby,Hobby,Hoops Signs,auto,,False,True,False,55,2.75,100,rough_estimate_v0,
2025-26-topps-nba-hoops-hobby,Hobby,Hoops Rookie Signatures,auto,,False,True,False,74,3.7,150,rough_estimate_v0,
2025-26-topps-nba-hoops-hobby,Hobby,1989 Hoops Signatures,auto,,False,True,False,130,6.5,100,rough_estimate_v0,
2025-26-topps-nba-hoops-hobby,Hobby,Hoops Rookie Duals,auto,,False,True,False,1994,99.7,350,rough_estimate_v0,
2025-26-topps-nba-hoops-hobby,Hobby,Hoops Rookie Triples,auto,,False,True,False,9903,495.15,600,rough_estimate_v0,
2025-26-topps-nba-hoops-hobby,Hobby,Rookie Veteran Duals,auto,,False,True,False,19650,982.5,350,rough_estimate_v0,
2025-26-topps-cosmic-chrome-bkb-hobby,Hobby,Base,base,,False,False,False,,,0.5,rough_estimate_v0,
2025-26-topps-cosmic-chrome-bkb-hobby,Hobby,Refractor,parallel,,False,False,False,10,0.5,3,rough_estimate_v0,
2025-26-topps-cosmic-chrome-bkb-hobby,Hobby,Nucleus Refractor,parallel,,False,False,False,20,1.0,3,rough_estimate_v0,
2025-26-topps-cosmic-chrome-bkb-hobby,Hobby,White Hole Refractor,parallel,,False,False,False,126,6.3,20,rough_estimate_v0,
2025-26-topps-cosmic-chrome-bkb-hobby,Hobby,Aqua Equinox Refractor,parallel,199,True,False,False,42,2.1,16,rough_estimate_v0,
2025-26-topps-cosmic-chrome-bkb-hobby,Hobby,Purple Nebula Refractor,parallel,150,True,False,False,56,2.8,28,rough_estimate_v0,
2025-26-topps-cosmic-chrome-bkb-hobby,Hobby,Blue Moon Refractor,parallel,99,True,False,False,85,4.25,45,rough_estimate_v0,
2025-26-topps-cosmic-chrome-bkb-hobby,Hobby,Green Space Dust Refractor,parallel,75,True,False,False,111,5.55,45,rough_estimate_v0,
2025-26-topps-cosmic-chrome-bkb-hobby,Hobby,Gold Interstellar Refractor,parallel,50,True,False,False,167,8.35,70,rough_estimate_v0,
2025-26-topps-cosmic-chrome-bkb-hobby,Hobby,Orange Galactic Refractor,parallel,25,True,False,False,333,16.65,120,rough_estimate_v0,
2025-26-topps-cosmic-chrome-bkb-hobby,Hobby,Black Eclipse Refractor,parallel,10,True,False,False,832,41.6,300,rough_estimate_v0,
2025-26-topps-cosmic-chrome-bkb-hobby,Hobby,Red Flare Refractor,parallel,5,True,False,False,1664,83.2,550,rough_estimate_v0,
2025-26-topps-cosmic-chrome-bkb-hobby,Hobby,SuperFractor,parallel,1,True,False,False,8319,415.95,4000,rough_estimate_v0,
2025-26-topps-cosmic-chrome-bkb-hobby,Hobby,Galaxy Greats,insert,,False,False,False,6,0.3,5,rough_estimate_v0,
2025-26-topps-cosmic-chrome-bkb-hobby,Hobby,Extraterrestrial Talent,insert,,False,False,False,8,0.4,5,rough_estimate_v0,
2025-26-topps-cosmic-chrome-bkb-hobby,Hobby,Propulsion,insert,,False,False,False,8,0.4,5,rough_estimate_v0,
2025-26-topps-cosmic-chrome-bkb-hobby,Hobby,Space Walk,insert,,False,False,False,13,0.65,5,rough_estimate_v0,
2025-26-topps-cosmic-chrome-bkb-hobby,Hobby,StarFractor,insert,,False,False,False,609,30.45,120,rough_estimate_v0,
2025-26-topps-cosmic-chrome-bkb-hobby,Hobby,Cosmic Dust,insert,,False,False,False,793,39.65,120,rough_estimate_v0,
2025-26-topps-cosmic-chrome-bkb-hobby,Hobby,Re-Entry,insert,,False,False,False,871,43.55,120,rough_estimate_v0,
2025-26-topps-cosmic-chrome-bkb-hobby,Hobby,Hypernova,insert,,False,False,False,201,10.05,30,rough_estimate_v0,
2025-26-topps-cosmic-chrome-bkb-hobby,Hobby,First Light,insert,,False,False,False,1109,55.45,120,rough_estimate_v0,
2025-26-topps-cosmic-chrome-bkb-hobby,Hobby,Geocentric,insert,,False,False,False,1109,55.45,120,rough_estimate_v0,
2025-26-topps-cosmic-chrome-bkb-hobby,Hobby,Singularity Signatures,auto,,False,True,False,331,16.55,100,rough_estimate_v0,
2025-26-topps-cosmic-chrome-bkb-hobby,Hobby,Cosmic Chrome Autographs,auto,,False,True,False,383,19.15,100,rough_estimate_v0,
2025-26-topps-cosmic-chrome-bkb-hobby,Hobby,First Flight Signatures,auto,,False,True,False,678,33.9,100,rough_estimate_v0,
2025-26-topps-cosmic-chrome-bkb-hobby,Hobby,Electro Static Signatures,auto,,False,True,False,805,40.25,100,rough_estimate_v0,
2025-26-topps-cosmic-chrome-bkb-hobby,Hobby,Alien Autographs,auto,,False,True,False,1235,61.75,100,rough_estimate_v0,
2025-26-topps-cosmic-chrome-bkb-hobby,Hobby,Cosmic Chrome Autographs II,auto,,False,True,False,31776,1588.8,250,rough_estimate_v0,
2025-26-bowman-bkb-hobby,Hobby,Base,base,,False,False,False,,,0.5,rough_estimate_v0,
2025-26-bowman-bkb-hobby,Hobby,Prospects Paper,base,,False,False,False,1,0.05,0.5,rough_estimate_v0,"prospect base, 1:1"
2025-26-bowman-bkb-hobby,Hobby,Prospects Chrome,base,,False,False,False,1,0.05,0.5,rough_estimate_v0,"prospect base, 1:1"
2025-26-bowman-bkb-hobby,Hobby,Chrome Mini-Diamond Refractor,parallel,,False,False,False,30,1.5,8,rough_estimate_v0,
2025-26-bowman-bkb-hobby,Hobby,Chrome Refractor,parallel,499,True,False,False,75,3.75,12,rough_estimate_v0,
2025-26-bowman-bkb-hobby,Hobby,Chrome Fuchsia Refractor,parallel,199,True,False,False,188,9.4,16,rough_estimate_v0,
2025-26-bowman-bkb-hobby,Hobby,Base Purple Pattern Border,parallel,199,True,False,False,188,9.4,16,rough_estimate_v0,
2025-26-bowman-bkb-hobby,Hobby,Base Pink Border,parallel,175,True,False,False,214,10.7,28,rough_estimate_v0,
2025-26-bowman-bkb-hobby,Hobby,Base Blue Border,parallel,150,True,False,False,250,12.5,28,rough_estimate_v0,
2025-26-bowman-bkb-hobby,Hobby,Chrome Blue Refractor,parallel,150,True,False,False,250,12.5,28,rough_estimate_v0,
2025-26-bowman-bkb-hobby,Hobby,Base Orange Border,parallel,25,True,False,False,449,22.45,120,rough_estimate_v0,
2025-26-bowman-bkb-hobby,Hobby,Base Yellow Border,parallel,75,True,False,False,499,24.95,45,rough_estimate_v0,
2025-26-bowman-bkb-hobby,Hobby,Chrome Yellow Refractor,parallel,75,True,False,False,499,24.95,45,rough_estimate_v0,
2025-26-bowman-bkb-hobby,Hobby,Base Gold Border,parallel,50,True,False,False,748,37.4,70,rough_estimate_v0,
2025-26-bowman-bkb-hobby,Hobby,Chrome Gold Refractor,parallel,50,True,False,False,748,37.4,70,rough_estimate_v0,
2025-26-bowman-bkb-hobby,Hobby,Base Black Border,parallel,10,True,False,False,1123,56.15,300,rough_estimate_v0,
2025-26-bowman-bkb-hobby,Hobby,Base Black Pattern Border,parallel,10,True,False,False,1123,56.15,300,rough_estimate_v0,
2025-26-bowman-bkb-hobby,Hobby,Chrome Black Refractor,parallel,10,True,False,False,3742,187.1,300,rough_estimate_v0,
2025-26-bowman-bkb-hobby,Hobby,Base Red Border,parallel,5,True,False,False,7496,374.8,550,rough_estimate_v0,
2025-26-bowman-bkb-hobby,Hobby,Chrome Red Refractor,parallel,5,True,False,False,7496,374.8,550,rough_estimate_v0,
2025-26-bowman-bkb-hobby,Hobby,Chrome FireFractor,parallel,3,True,False,False,12522,626.1,900,rough_estimate_v0,
2025-26-bowman-bkb-hobby,Hobby,Chrome SuperFractor,parallel,1,True,False,False,23046,1152.3,4000,rough_estimate_v0,
2025-26-bowman-bkb-hobby,Hobby,Base Platinum Border,parallel,1,True,False,False,38005,1900.25,4000,rough_estimate_v0,
2025-26-bowman-bkb-hobby,Hobby,Rookie Red RC Logos,insert,,False,False,False,20,1.0,12,rough_estimate_v0,
2025-26-bowman-bkb-hobby,Hobby,Etched In Glass,insert,,False,False,False,1733,86.65,120,rough_estimate_v0,
2025-26-bowman-bkb-hobby,Hobby,Base Chrome Autographs,auto,,False,True,False,68,3.4,100,rough_estimate_v0,
2025-26-bowman-bkb-hobby,Hobby,Chrome Prospect Autographs,auto,,False,True,False,76,3.8,100,rough_estimate_v0,
2025-26-bowman-bkb-hobby,Hobby,Buzz Factor,auto,,False,True,False,1417,70.85,100,rough_estimate_v0,
2025-26-bowman-bkb-hobby,Hobby,Opening Statement Signatures,auto,,False,True,False,1731,86.55,250,rough_estimate_v0,
2025-26-bowman-bkb-hobby,Hobby,Future Script,auto,,False,True,False,1889,94.45,250,rough_estimate_v0,
2025-26-bowman-bkb-hobby,Hobby,Bowman Dual Autographs,auto,10,True,True,False,49233,2461.65,350,rough_estimate_v0,
2025-26-topps-signature-class-bkb-hobby,Hobby,Base,base,,False,False,False,,,0.5,rough_estimate_v0,
2025-26-topps-signature-class-bkb-hobby,Hobby,Chrome Refractor,parallel,,False,False,False,6,0.75,3,rough_estimate_v0,
2025-26-topps-signature-class-bkb-hobby,Hobby,Magenta Refractor,parallel,250,True,False,False,58,7.25,16,rough_estimate_v0,
2025-26-topps-signature-class-bkb-hobby,Hobby,Teal Refractor,parallel,225,True,False,False,64,8.0,16,rough_estimate_v0,
2025-26-topps-signature-class-bkb-hobby,Hobby,Indigo Refractor,parallel,175,True,False,False,82,10.25,28,rough_estimate_v0,
2025-26-topps-signature-class-bkb-hobby,Hobby,Green Refractor,parallel,150,True,False,False,96,12.0,28,rough_estimate_v0,
2025-26-topps-signature-class-bkb-hobby,Hobby,Purple Refractor,parallel,199,True,False,False,143,17.88,16,rough_estimate_v0,listed /199 out of ladder order
2025-26-topps-signature-class-bkb-hobby,Hobby,Pink Refractor,parallel,75,True,False,False,191,23.88,45,rough_estimate_v0,
2025-26-topps-signature-class-bkb-hobby,Hobby,Orange Refractor,parallel,50,True,False,False,286,35.75,70,rough_estimate_v0,
2025-26-topps-signature-class-bkb-hobby,Hobby,Red Refractor,parallel,25,True,False,False,571,71.38,120,rough_estimate_v0,
2025-26-topps-signature-class-bkb-hobby,Hobby,Red Lava Refractor,parallel,25,True,False,False,571,71.38,120,rough_estimate_v0,
2025-26-topps-signature-class-bkb-hobby,Hobby,Gold Refractor,parallel,10,True,False,False,1426,178.25,300,rough_estimate_v0,
2025-26-topps-signature-class-bkb-hobby,Hobby,Blue Refractor,parallel,5,True,False,False,2851,356.38,550,rough_estimate_v0,
2025-26-topps-signature-class-bkb-hobby,Hobby,SuperFractor,parallel,1,True,False,False,14661,1832.62,4000,rough_estimate_v0,
2025-26-topps-signature-class-bkb-hobby,Hobby,After Image,auto,,False,True,False,12,1.5,100,rough_estimate_v0,autographed insert
2025-26-topps-signature-class-bkb-hobby,Hobby,Manuscripts,auto,,False,True,False,24,3.0,100,rough_estimate_v0,
2025-26-topps-signature-class-bkb-hobby,Hobby,Penstroke Signatures,auto,,False,True,False,60,7.5,100,rough_estimate_v0,
2025-26-topps-signature-class-bkb-hobby,Hobby,Shadow Scripts,auto,,False,True,False,90,11.25,100,rough_estimate_v0,
2025-26-topps-signature-class-bkb-hobby,Hobby,Algorithm,auto,,False,True,False,110,13.75,100,rough_estimate_v0,autographed insert
2025-26-topps-signature-class-bkb-hobby,Hobby,Signature Blend,auto,,False,True,False,135,16.88,100,rough_estimate_v0,
2025-26-topps-signature-class-bkb-hobby,Hobby,Crystal Clear Rookie Autographs,auto,,False,True,False,179,22.38,150,rough_estimate_v0,
2025-26-topps-signature-class-bkb-hobby,Hobby,Fluidity,auto,,False,True,False,329,41.12,100,rough_estimate_v0,autographed insert
2025-26-topps-signature-class-bkb-hobby,Hobby,Eternal Marks,auto,,False,True,False,471,58.88,100,rough_estimate_v0,
2025-26-topps-signature-class-bkb-hobby,Hobby,Crystal Clear Veteran Autographs,auto,,False,True,False,529,66.12,100,rough_estimate_v0,
2025-26-topps-signature-class-bkb-hobby,Hobby,Legends of Their Class Crystal Clear,auto,,False,True,False,1086,135.75,100,rough_estimate_v0,
2025-26-topps-signature-class-bkb-hobby,Hobby,Dual Autographs,auto,,False,True,False,2756,344.5,350,rough_estimate_v0,
2025-26-topps-signature-class-bkb-hobby,Hobby,Triple Autographs,auto,,False,True,False,4830,603.75,600,rough_estimate_v0,
2025-26-topps-signature-class-bkb-hobby,Hobby,Chrome Rookie Autographs,auto,,False,True,False,,,150,rough_estimate_v0,only parallel odds published
2025-26-topps-signature-class-bkb-hobby,Hobby,Chrome Veteran Autographs,auto,,False,True,False,,,100,rough_estimate_v0,only parallel odds published
